Instance,Time(s),Upper Bound,Status
N1C1W1_A.BPP,0.0763769,25,Optimal
N1C1W1_B.BPP,0.0391824,31,Optimal
N1C1W1_C.BPP,0.108905,20,Optimal
N1C1W1_D.BPP,0.0687428,28,Optimal
N1C1W1_E.BPP,0.0386756,26,Optimal
N1C1W1_F.BPP,0.0281343,27,Optimal
N1C1W1_G.BPP,0.0636107,25,Optimal
N1C1W1_H.BPP,0.0387728,31,Optimal
N1C1W1_I.BPP,0.0779236,25,Optimal
N1C1W1_J.BPP,0.066902,26,Optimal
N1C1W1_K.BPP,0.0714098,26,Optimal
N1C1W1_L.BPP,0.0214206,33,Optimal
N1C1W1_M.BPP,0.0356933,30,Optimal
N1C1W1_N.BPP,0.069765,25,Optimal
N1C1W1_O.BPP,0.0153122,32,Optimal
N1C1W1_P.BPP,0.0332503,26,Optimal
N1C1W1_Q.BPP,0.0290697,28,Optimal
N1C1W1_R.BPP,0.0714214,25,Optimal
N1C1W1_S.BPP,0.056432,28,Optimal
N1C1W1_T.BPP,0.0285345,28,Optimal
N1C1W2_A.BPP,0.0471826,29,Optimal
N1C1W2_B.BPP,0.0299129,30,Optimal
N1C1W2_C.BPP,0.0283639,33,Optimal
N1C1W2_D.BPP,0.0166753,31,Optimal
N1C1W2_E.BPP,0.027406,36,Optimal
N1C1W2_F.BPP,0.0439063,30,Optimal
N1C1W2_G.BPP,0.0298029,30,Optimal
N1C1W2_H.BPP,0.0153238,33,Optimal
N1C1W2_I.BPP,0.0187983,35,Optimal
N1C1W2_J.BPP,0.0314362,34,Optimal
N1C1W2_K.BPP,0.0148759,35,Optimal
N1C1W2_L.BPP,0.0165914,31,Optimal
N1C1W2_M.BPP,0.0203453,30,Optimal
N1C1W2_N.BPP,0.0199627,33,Optimal
N1C1W2_O.BPP,0.0541716,29,Optimal
N1C1W2_P.BPP,0.0337702,33,Optimal
N1C1W2_Q.BPP,0.00978912,36,Optimal
N1C1W2_R.BPP,0.0160754,34,Optimal
N1C1W2_S.BPP,0.00974106,37,Optimal
N1C1W2_T.BPP,0.0150206,38,Optimal
N1C1W4_A.BPP,0.0252182,35,Optimal
N1C1W4_B.BPP,0.0123236,40,Optimal
N1C1W4_C.BPP,0.0238985,36,Optimal
N1C1W4_D.BPP,0.0170717,38,Optimal
N1C1W4_E.BPP,0.00696534,38,Optimal
N1C1W4_F.BPP,0.0121083,32,Optimal
N1C1W4_G.BPP,0.0138409,37,Optimal
N1C1W4_H.BPP,0.00744156,40,Optimal
N1C1W4_I.BPP,0.0152724,35,Optimal
N1C1W4_J.BPP,0.00972776,37,Optimal
N1C1W4_K.BPP,0.00894953,41,Optimal
N1C1W4_L.BPP,0.0100568,35,Optimal
N1C1W4_M.BPP,0.00830571,41,Optimal
N1C1W4_N.BPP,0.0123427,39,Optimal
N1C1W4_O.BPP,0.0167983,34,Optimal
N1C1W4_P.BPP,0.019171,38,Optimal
N1C1W4_Q.BPP,0.024643,34,Optimal
N1C1W4_R.BPP,0.019347,38,Optimal
N1C1W4_S.BPP,0.0240248,36,Optimal
N1C1W4_T.BPP,0.00554437,42,Optimal
N1C2W1_A.BPP,0.102321,21,Optimal
N1C2W1_B.BPP,0.062252,26,Optimal
N1C2W1_C.BPP,0.0752324,23,Optimal
N1C2W1_D.BPP,0.0674354,21,Optimal
N1C2W1_E.BPP,0.169361,17,Optimal
N1C2W1_F.BPP,0.0969272,22,Optimal
N1C2W1_G.BPP,0.103628,21,Optimal
N1C2W1_H.BPP,0.0681682,23,Optimal
N1C2W1_I.BPP,0.0312868,27,Optimal
N1C2W1_J.BPP,0.0406911,27,Optimal
N1C2W1_K.BPP,0.0653753,24,Optimal
N1C2W1_L.BPP,0.0386066,25,Optimal
N1C2W1_M.BPP,0.039769,26,Optimal
N1C2W1_N.BPP,0.120368,21,Optimal
N1C2W1_O.BPP,0.274595,15,Optimal
N1C2W1_P.BPP,0.0784878,21,Optimal
N1C2W1_Q.BPP,0.0893411,24,Optimal
N1C2W1_R.BPP,0.0514622,23,Optimal
N1C2W1_S.BPP,0.110381,22,Optimal
N1C2W1_T.BPP,0.0378846,22,Optimal
N1C2W2_A.BPP,0.0569873,24,Optimal
N1C2W2_B.BPP,0.0392474,27,Optimal
N1C2W2_C.BPP,0.0148861,29,Optimal
N1C2W2_D.BPP,0.0482785,24,Optimal
N1C2W2_E.BPP,0.0184035,33,Optimal
N1C2W2_F.BPP,0.0502215,26,Optimal
N1C2W2_G.BPP,0.0287103,29,Optimal
N1C2W2_H.BPP,0.0339121,23,Optimal
N1C2W2_I.BPP,0.0276366,25,Optimal
N1C2W2_J.BPP,0.0339904,25,Optimal
N1C2W2_K.BPP,0.0225772,29,Optimal
N1C2W2_L.BPP,0.0217383,30,Optimal
N1C2W2_M.BPP,0.0198293,30,Optimal
N1C2W2_N.BPP,0.0415226,26,Optimal
N1C2W2_O.BPP,0.0205206,29,Optimal
N1C2W2_P.BPP,0.0726439,23,Optimal
N1C2W2_Q.BPP,0.0257079,30,Optimal
N1C2W2_R.BPP,0.0524949,25,Optimal
N1C2W2_S.BPP,0.0938991,24,Optimal
N1C2W2_T.BPP,0.0524601,26,Optimal
N1C2W4_A.BPP,0.0193307,29,Optimal
N1C2W4_B.BPP,0.0205993,32,Optimal
N1C2W4_C.BPP,0.02535,30,Optimal
N1C2W4_D.BPP,0.0479471,28,Optimal
N1C2W4_E.BPP,0.0145274,30,Optimal
N1C2W4_F.BPP,0.0173042,32,Optimal
N1C2W4_G.BPP,0.040111,30,Optimal
N1C2W4_H.BPP,0.013708,30,Optimal
N1C2W4_I.BPP,0.0152347,35,Optimal
N1C2W4_J.BPP,0.0207258,30,Optimal
N1C2W4_K.BPP,0.0164635,32,Optimal
N1C2W4_L.BPP,0.0377395,31,Optimal
N1C2W4_M.BPP,0.0221468,31,Optimal
N1C2W4_N.BPP,0.02845,32,Optimal
N1C2W4_O.BPP,0.0252659,30,Optimal
N1C2W4_P.BPP,0.0281021,28,Optimal
N1C2W4_Q.BPP,0.0145368,33,Optimal
N1C2W4_R.BPP,0.0163686,35,Optimal
N1C2W4_S.BPP,0.0120798,38,Optimal
N1C2W4_T.BPP,0.0407192,29,Optimal
N1C3W1_A.BPP,0.216471,16,Optimal
N1C3W1_B.BPP,0.767724,16,Optimal
N1C3W1_C.BPP,0.138423,17,Optimal
N1C3W1_D.BPP,0.217693,19,Optimal
N1C3W1_E.BPP,0.188823,16,Optimal
N1C3W1_F.BPP,0.106476,20,Optimal
N1C3W1_G.BPP,0.254295,15,Optimal
N1C3W1_H.BPP,0.134585,19,Optimal
N1C3W1_I.BPP,0.189446,17,Optimal
N1C3W1_J.BPP,0.281181,16,Optimal
N1C3W1_K.BPP,0.212949,17,Optimal
N1C3W1_L.BPP,0.209706,17,Optimal
N1C3W1_M.BPP,0.170711,17,Optimal
N1C3W1_N.BPP,0.109203,20,Optimal
N1C3W1_O.BPP,0.206146,16,Optimal
N1C3W1_P.BPP,0.137202,19,Optimal
N1C3W1_Q.BPP,0.142967,20,Optimal
N1C3W1_R.BPP,0.102845,21,Optimal
N1C3W1_S.BPP,0.249462,16,Optimal
N1C3W1_T.BPP,0.118993,18,Optimal
N1C3W2_A.BPP,0.128772,19,Optimal
N1C3W2_B.BPP,0.0986033,20,Optimal
N1C3W2_C.BPP,0.0483453,22,Optimal
N1C3W2_D.BPP,0.12587,20,Optimal
N1C3W2_E.BPP,0.100197,21,Optimal
N1C3W2_F.BPP,0.0766847,23,Optimal
N1C3W2_G.BPP,0.0788944,23,Optimal
N1C3W2_H.BPP,0.0878064,23,Optimal
N1C3W2_I.BPP,0.120252,19,Optimal
N1C3W2_J.BPP,0.0977293,22,Optimal
N1C3W2_K.BPP,0.0875675,21,Optimal
N1C3W2_L.BPP,0.103247,21,Optimal
N1C3W2_M.BPP,0.0922059,21,Optimal
N1C3W2_N.BPP,0.0885213,22,Optimal
N1C3W2_O.BPP,0.111328,21,Optimal
N1C3W2_P.BPP,0.218051,18,Optimal
N1C3W2_Q.BPP,0.102211,19,Optimal
N1C3W2_R.BPP,0.0863263,19,Optimal
N1C3W2_S.BPP,0.113332,21,Optimal
N1C3W2_T.BPP,0.102165,22,Optimal
N1C3W4_A.BPP,0.063872,21,Optimal
N1C3W4_B.BPP,0.0716373,22,Optimal
N1C3W4_C.BPP,0.0204845,24,Optimal
N1C3W4_D.BPP,0.119817,21,Optimal
N1C3W4_E.BPP,0.067174,23,Optimal
N1C3W4_F.BPP,0.0455765,21,Optimal
N1C3W4_G.BPP,0.0614331,23,Optimal
N1C3W4_H.BPP,0.0720049,23,Optimal
N1C3W4_I.BPP,0.0649873,23,Optimal
N1C3W4_J.BPP,0.0813477,22,Optimal
N1C3W4_K.BPP,0.0662603,24,Optimal
N1C3W4_L.BPP,0.0925027,20,Optimal
N1C3W4_M.BPP,0.106845,21,Optimal
N1C3W4_N.BPP,0.0805705,21,Optimal
N1C3W4_O.BPP,0.0758451,22,Optimal
N1C3W4_P.BPP,0.0197622,25,Optimal
N1C3W4_Q.BPP,0.023218,25,Optimal
N1C3W4_R.BPP,0.0753692,22,Optimal
N1C3W4_S.BPP,0.0860311,22,Optimal
N1C3W4_T.BPP,0.0444097,24,Optimal
N2C1W1_A.BPP,0.297181,48,Optimal
N2C1W1_B.BPP,0.296392,49,Optimal
N2C1W1_C.BPP,0.342883,46,Optimal
N2C1W1_D.BPP,0.295354,50,Optimal
N2C1W1_E.BPP,0.218393,58,Optimal
N2C1W1_F.BPP,0.334057,50,Optimal
N2C1W1_G.BPP,0.201139,60,Optimal
N2C1W1_H.BPP,0.250696,52,Optimal
N2C1W1_I.BPP,0.100108,62,Optimal
N2C1W1_J.BPP,0.181983,59,Optimal
N2C1W1_K.BPP,0.181646,55,Optimal
N2C1W1_L.BPP,0.214058,55,Optimal
N2C1W1_M.BPP,0.316168,46,Optimal
N2C1W1_N.BPP,0.185727,48,Optimal
N2C1W1_O.BPP,0.471457,48,Optimal
N2C1W1_P.BPP,0.190725,54,Optimal
N2C1W1_Q.BPP,0.246043,46,Optimal
N2C1W1_R.BPP,0.0969562,56,Optimal
N2C1W1_S.BPP,0.42964,45,Optimal
N2C1W1_T.BPP,0.304075,52,Optimal
N2C1W2_A.BPP,0.0746244,64,Optimal
N2C1W2_B.BPP,0.109692,61,Optimal
N2C1W2_C.BPP,0.0470301,68,Optimal
N2C1W2_D.BPP,0.0308695,74,Optimal
N2C1W2_E.BPP,0.0905019,65,Optimal
N2C1W2_F.BPP,0.105957,65,Optimal
N2C1W2_G.BPP,0.0350844,73,Optimal
N2C1W2_H.BPP,0.0408879,70,Optimal
N2C1W2_I.BPP,0.0476663,67,Optimal
N2C1W2_J.BPP,0.0626235,67,Optimal
N2C1W2_K.BPP,0.0415945,72,Optimal
N2C1W2_L.BPP,0.0857064,62,Optimal
N2C1W2_M.BPP,0.111518,65,Optimal
N2C1W2_N.BPP,0.102777,64,Optimal
N2C1W2_O.BPP,0.0491587,64,Optimal
N2C1W2_P.BPP,0.0344782,68,Optimal
N2C1W2_Q.BPP,0.0612137,65,Optimal
N2C1W2_R.BPP,0.040582,67,Optimal
N2C1W2_S.BPP,0.0413892,66,Optimal
N2C1W2_T.BPP,0.0392299,66,Optimal
N2C1W4_A.BPP,0.0559449,73,Optimal
N2C1W4_B.BPP,0.0829696,71,Optimal
N2C1W4_C.BPP,0.0268273,77,Optimal
N2C1W4_D.BPP,0.0151994,82,Optimal
N2C1W4_E.BPP,0.0633758,73,Optimal
N2C1W4_F.BPP,0.0241428,77,Optimal
N2C1W4_G.BPP,0.0363431,71,Optimal
N2C1W4_H.BPP,0.0270083,75,Optimal
N2C1W4_I.BPP,0.037267,73,Optimal
N2C1W4_J.BPP,0.0317069,74,Optimal
N2C1W4_K.BPP,0.0318481,70,Optimal
N2C1W4_L.BPP,0.0668822,75,Optimal
N2C1W4_M.BPP,0.0606419,72,Optimal
N2C1W4_N.BPP,0.0329874,71,Optimal
N2C1W4_O.BPP,0.0225923,80,Optimal
N2C1W4_P.BPP,0.060301,67,Optimal
N2C1W4_Q.BPP,0.0540514,75,Optimal
N2C1W4_R.BPP,0.0437336,70,Optimal
N2C1W4_S.BPP,0.0253385,80,Optimal
N2C1W4_T.BPP,0.0711976,70,Optimal
N2C2W1_A.BPP,0.539422,42,Optimal
N2C2W1_B.BPP,0.291783,50,Optimal
N2C2W1_C.BPP,0.519625,40,Optimal
N2C2W1_D.BPP,0.463834,42,Optimal
N2C2W1_E.BPP,0.544715,40,Optimal
N2C2W1_F.BPP,0.267859,49,Optimal
N2C2W1_G.BPP,0.220592,45,Optimal
N2C2W1_H.BPP,0.336347,46,Optimal
N2C2W1_I.BPP,0.400209,45,Optimal
N2C2W1_J.BPP,0.460747,42,Optimal
N2C2W1_K.BPP,0.445017,41,Optimal
N2C2W1_L.BPP,0.294043,49,Optimal
N2C2W1_M.BPP,0.398949,44,Optimal
N2C2W1_N.BPP,0.409587,43,Optimal
N2C2W1_O.BPP,0.235958,50,Optimal
N2C2W1_P.BPP,0.338597,46,Optimal
N2C2W1_Q.BPP,0.301075,49,Optimal
N2C2W1_R.BPP,0.520173,41,Optimal
N2C2W1_S.BPP,0.262238,43,Optimal
N2C2W1_T.BPP,0.656348,39,Optimal
N2C2W2_A.BPP,0.0744548,52,Optimal
N2C2W2_B.BPP,0.0967063,56,Optimal
N2C2W2_C.BPP,0.11974,53,Optimal
N2C2W2_D.BPP,0.0952277,51,Optimal
N2C2W2_E.BPP,0.135223,54,Optimal
N2C2W2_F.BPP,0.188578,48,Optimal
N2C2W2_G.BPP,0.104001,53,Optimal
N2C2W2_H.BPP,0.0927554,53,Optimal
N2C2W2_I.BPP,0.210696,49,Optimal
N2C2W2_J.BPP,0.0792266,56,Optimal
N2C2W2_K.BPP,0.15347,50,Optimal
N2C2W2_L.BPP,0.153322,52,Optimal
N2C2W2_M.BPP,0.125331,54,Optimal
N2C2W2_N.BPP,0.0826764,51,Optimal
N2C2W2_O.BPP,0.203102,50,Optimal
N2C2W2_P.BPP,0.14688,50,Optimal
N2C2W2_Q.BPP,0.107259,54,Optimal
N2C2W2_R.BPP,0.159135,51,Optimal
N2C2W2_S.BPP,0.0592856,58,Optimal
N2C2W2_T.BPP,0.0653476,56,Optimal
N2C2W4_A.BPP,0.131844,57,Optimal
N2C2W4_B.BPP,0.0787021,60,Optimal
N2C2W4_C.BPP,0.0298947,65,Optimal
N2C2W4_D.BPP,0.0472403,61,Optimal
N2C2W4_E.BPP,0.0708982,60,Optimal
N2C2W4_F.BPP,0.0692098,57,Optimal
N2C2W4_G.BPP,0.0742047,61,Optimal
N2C2W4_H.BPP,0.0539923,61,Optimal
N2C2W4_I.BPP,0.113299,58,Optimal
N2C2W4_J.BPP,0.0672621,60,Optimal
N2C2W4_K.BPP,0.0842864,59,Optimal
N2C2W4_L.BPP,0.0772174,57,Optimal
N2C2W4_M.BPP,0.0445104,60,Optimal
N2C2W4_N.BPP,0.0588737,63,Optimal
N2C2W4_O.BPP,0.0386235,62,Optimal
N2C2W4_P.BPP,0.119118,60,Optimal
N2C2W4_Q.BPP,0.0490006,62,Optimal
N2C2W4_R.BPP,0.0703292,56,Optimal
N2C2W4_S.BPP,0.0743233,55,Optimal
N2C2W4_T.BPP,0.0589246,57,Optimal
N2C3W1_A.BPP,0.93819,35,Optimal
N2C3W1_B.BPP,1.16781,35,Optimal
N2C3W1_C.BPP,1.02841,35,Optimal
N2C3W1_D.BPP,0.784914,37,Optimal
N2C3W1_E.BPP,0.982549,34,Optimal
N2C3W1_F.BPP,1.04381,35,Optimal
N2C3W1_G.BPP,1.01155,33,Optimal
N2C3W1_H.BPP,0.95532,35,Optimal
N2C3W1_I.BPP,0.968006,34,Optimal
N2C3W1_J.BPP,1.07276,33,Optimal
N2C3W1_K.BPP,0.765512,36,Optimal
N2C3W1_L.BPP,0.825471,35,Optimal
N2C3W1_M.BPP,1.3392,31,Optimal
N2C3W1_N.BPP,1.15323,32,Optimal
N2C3W1_O.BPP,0.934347,35,Optimal
N2C3W1_P.BPP,0.937327,35,Optimal
N2C3W1_Q.BPP,0.702462,34,Optimal
N2C3W1_R.BPP,0.961319,33,Optimal
N2C3W1_S.BPP,0.690598,36,Optimal
N2C3W1_T.BPP,0.864227,35,Optimal
N2C3W2_A.BPP,0.603258,41,Optimal
N2C3W2_B.BPP,0.421185,43,Optimal
N2C3W2_C.BPP,0.406933,41,Optimal
N2C3W2_D.BPP,1.23934,41,Optimal
N2C3W2_E.BPP,0.38774,39,Optimal
N2C3W2_F.BPP,0.47423,39,Optimal
N2C3W2_G.BPP,0.487422,41,Optimal
N2C3W2_H.BPP,0.5912,38,Optimal
N2C3W2_I.BPP,0.326088,44,Optimal
N2C3W2_J.BPP,0.205346,43,Optimal
N2C3W2_K.BPP,0.283026,42,Optimal
N2C3W2_L.BPP,0.204076,41,Optimal
N2C3W2_M.BPP,0.440353,43,Optimal
N2C3W2_N.BPP,0.378514,41,Optimal
N2C3W2_O.BPP,0.291395,45,Optimal
N2C3W2_P.BPP,0.384233,41,Optimal
N2C3W2_Q.BPP,0.631979,41,Optimal
N2C3W2_R.BPP,0.507102,40,Optimal
N2C3W2_S.BPP,0.136893,43,Optimal
N2C3W2_T.BPP,0.355825,43,Optimal
N2C3W4_A.BPP,0.369577,43,Optimal
N2C3W4_B.BPP,0.23146,45,Optimal
N2C3W4_C.BPP,0.286561,42,Optimal
N2C3W4_D.BPP,0.357301,44,Optimal
N2C3W4_E.BPP,0.0725006,47,Optimal
N2C3W4_F.BPP,0.272209,45,Optimal
N2C3W4_G.BPP,1.20226,44,Optimal
N2C3W4_H.BPP,0.206763,44,Optimal
N2C3W4_I.BPP,0.474545,44,Optimal
N2C3W4_J.BPP,0.275943,43,Optimal
N2C3W4_K.BPP,0.222337,47,Optimal
N2C3W4_L.BPP,0.273742,45,Optimal
N2C3W4_M.BPP,0.261506,44,Optimal
N2C3W4_N.BPP,0.21282,45,Optimal
N2C3W4_O.BPP,0.233081,45,Optimal
N2C3W4_P.BPP,0.237228,45,Optimal
N2C3W4_Q.BPP,0.150506,46,Optimal
N2C3W4_R.BPP,0.295631,42,Optimal
N2C3W4_S.BPP,0.356548,42,Optimal
N2C3W4_T.BPP,0.124586,46,Optimal
N3C1W1_A.BPP,1.33192,105,Optimal
N3C1W1_B.BPP,1.20309,114,Optimal
N3C1W1_C.BPP,1.78342,99,Optimal
N3C1W1_D.BPP,1.17951,108,Optimal
N3C1W1_E.BPP,2.03541,98,Optimal
N3C1W1_F.BPP,1.26082,113,Optimal
N3C1W1_G.BPP,1.19223,111,Optimal
N3C1W1_H.BPP,1.69371,104,Optimal
N3C1W1_I.BPP,1.54318,100,Optimal
N3C1W1_J.BPP,0.967866,108,Optimal
N3C1W1_K.BPP,1.91618,102,Optimal
N3C1W1_L.BPP,1.64782,97,Optimal
N3C1W1_M.BPP,1.27613,106,Optimal
N3C1W1_N.BPP,4.64744,93,Optimal
N3C1W1_O.BPP,1.03972,98,Optimal
N3C1W1_P.BPP,0.987932,108,Optimal
N3C1W1_Q.BPP,2.05453,98,Optimal
N3C1W1_R.BPP,2.22302,99,Optimal
N3C1W1_S.BPP,1.59256,100,Optimal
N3C1W1_T.BPP,2.26348,102,Optimal
N3C1W2_A.BPP,0.149851,125,Optimal
N3C1W2_B.BPP,0.150694,126,Optimal
N3C1W2_C.BPP,0.256204,125,Optimal
N3C1W2_D.BPP,0.129142,139,Optimal
N3C1W2_E.BPP,0.212347,132,Optimal
N3C1W2_F.BPP,0.283752,123,Optimal
N3C1W2_G.BPP,0.338625,132,Optimal
N3C1W2_H.BPP,0.160689,129,Optimal
N3C1W2_I.BPP,0.137432,126,Optimal
N3C1W2_J.BPP,0.427024,126,Optimal
N3C1W2_K.BPP,0.448178,120,Optimal
N3C1W2_L.BPP,0.110744,136,Optimal
N3C1W2_M.BPP,0.18527,136,Optimal
N3C1W2_N.BPP,0.10083,136,Optimal
N3C1W2_O.BPP,0.152673,127,Optimal
N3C1W2_P.BPP,0.244502,126,Optimal
N3C1W2_Q.BPP,0.171231,135,Optimal
N3C1W2_R.BPP,0.437455,123,Optimal
N3C1W2_S.BPP,0.303617,130,Optimal
N3C1W2_T.BPP,0.127832,136,Optimal
N3C1W4_A.BPP,0.12429,149,Optimal
N3C1W4_B.BPP,0.129102,149,Optimal
N3C1W4_C.BPP,0.112291,146,Optimal
N3C1W4_D.BPP,0.123443,148,Optimal
N3C1W4_E.BPP,0.189139,142,Optimal
N3C1W4_F.BPP,0.324365,140,Optimal
N3C1W4_G.BPP,0.218861,148,Optimal
N3C1W4_H.BPP,0.351999,141,Optimal
N3C1W4_I.BPP,0.439674,140,Optimal
N3C1W4_J.BPP,0.178693,142,Optimal
N3C1W4_K.BPP,0.132622,147,Optimal
N3C1W4_L.BPP,0.14393,148,Optimal
N3C1W4_M.BPP,0.11187,149,Optimal
N3C1W4_N.BPP,0.140003,148,Optimal
N3C1W4_O.BPP,0.223344,143,Optimal
N3C1W4_P.BPP,0.141812,143,Optimal
N3C1W4_Q.BPP,0.126228,146,Optimal
N3C1W4_R.BPP,0.105789,145,Optimal
N3C1W4_S.BPP,0.112794,145,Optimal
N3C1W4_T.BPP,0.223032,146,Optimal
N3C2W1_A.BPP,2.51956,91,Optimal
N3C2W1_B.BPP,2.60904,82,Optimal
N3C2W1_C.BPP,3.36486,84,Optimal
N3C2W1_D.BPP,3.3885,85,Optimal
N3C2W1_E.BPP,3.30716,87,Optimal
N3C2W1_F.BPP,2.75122,88,Optimal
N3C2W1_G.BPP,2.12345,87,Optimal
N3C2W1_H.BPP,2.67074,87,Optimal
N3C2W1_I.BPP,3.0477,87,Optimal
N3C2W1_J.BPP,2.55869,87,Optimal
N3C2W1_K.BPP,7.26216,77,Optimal
N3C2W1_L.BPP,1.90442,91,Optimal
N3C2W1_M.BPP,2.58993,85,Optimal
N3C2W1_N.BPP,2.87773,91,Optimal
N3C2W1_O.BPP,3.19275,82,Optimal
N3C2W1_P.BPP,1.69975,88,Optimal
N3C2W1_Q.BPP,5.06437,82,Optimal
N3C2W1_R.BPP,3.07794,82,Optimal
N3C2W1_S.BPP,2.17411,89,Optimal
N3C2W1_T.BPP,2.80543,83,Optimal
N3C2W2_A.BPP,0.290845,107,Optimal
N3C2W2_B.BPP,0.435927,105,Optimal
N3C2W2_C.BPP,0.266828,104,Optimal
N3C2W2_D.BPP,0.33078,107,Optimal
N3C2W2_E.BPP,0.34434,116,Optimal
N3C2W2_F.BPP,0.38313,106,Optimal
N3C2W2_G.BPP,0.579974,102,Optimal
N3C2W2_H.BPP,0.219776,117,Optimal
N3C2W2_I.BPP,0.61427,102,Optimal
N3C2W2_J.BPP,0.536475,107,Optimal
N3C2W2_K.BPP,0.241729,110,Optimal
N3C2W2_L.BPP,0.298338,105,Optimal
N3C2W2_M.BPP,0.410595,108,Optimal
N3C2W2_N.BPP,0.324882,105,Optimal
N3C2W2_O.BPP,0.350227,107,Optimal
N3C2W2_P.BPP,0.353896,107,Optimal
N3C2W2_Q.BPP,0.273024,105,Optimal
N3C2W2_R.BPP,0.348831,110,Optimal
N3C2W2_S.BPP,0.243153,107,Optimal
N3C2W2_T.BPP,0.667687,107,Optimal
N3C2W4_A.BPP,0.48535,113,Optimal
N3C2W4_B.BPP,0.602636,112,Optimal
N3C2W4_C.BPP,0.227385,132,Optimal
N3C2W4_D.BPP,0.529442,114,Optimal
N3C2W4_E.BPP,0.664548,110,Optimal
N3C2W4_F.BPP,0.22221,115,Optimal
N3C2W4_G.BPP,0.178833,122,Optimal
N3C2W4_H.BPP,0.636193,113,Optimal
N3C2W4_I.BPP,0.137932,115,Optimal
N3C2W4_J.BPP,0.203571,120,Optimal
N3C2W4_K.BPP,0.546798,117,Optimal
N3C2W4_L.BPP,0.348753,116,Optimal
N3C2W4_M.BPP,0.164324,120,Optimal
N3C2W4_N.BPP,0.2047,117,Optimal
N3C2W4_O.BPP,0.372039,113,Optimal
N3C2W4_P.BPP,0.307838,122,Optimal
N3C2W4_Q.BPP,0.267253,118,Optimal
N3C2W4_R.BPP,0.178157,123,Optimal
N3C2W4_S.BPP,0.395744,118,Optimal
N3C2W4_T.BPP,0.454999,119,Optimal
N3C3W1_A.BPP,12.7569,66,Optimal
N3C3W1_B.BPP,4.74727,71,Optimal
N3C3W1_C.BPP,7.75846,69,Optimal
N3C3W1_D.BPP,7.09235,63,Optimal
N3C3W1_E.BPP,6.25846,68,Optimal
N3C3W1_F.BPP,5.75614,69,Optimal
N3C3W1_G.BPP,7.53483,65,Optimal
N3C3W1_H.BPP,7.0518,69,Optimal
N3C3W1_I.BPP,6.21502,68,Optimal
N3C3W1_J.BPP,7.70771,65,Optimal
N3C3W1_K.BPP,9.97031,63,Optimal
N3C3W1_L.BPP,6.68685,68,Optimal
N3C3W1_M.BPP,4.72285,71,Optimal
N3C3W1_N.BPP,6.95237,69,Optimal
N3C3W1_O.BPP,7.73719,66,Optimal
N3C3W1_P.BPP,7.78031,72,Optimal
N3C3W1_Q.BPP,10.3947,73,Optimal
N3C3W1_R.BPP,6.39368,66,Optimal
N3C3W1_S.BPP,9.36342,68,Optimal
N3C3W1_T.BPP,6.29933,70,Optimal
N3C3W2_A.BPP,1.85259,84,Optimal
N3C3W2_B.BPP,1.54464,81,Optimal
N3C3W2_C.BPP,2.21733,82,Optimal
N3C3W2_D.BPP,2.40068,79,Optimal
N3C3W2_E.BPP,2.3297,79,Optimal
N3C3W2_F.BPP,1.65704,81,Optimal
N3C3W2_G.BPP,5.2258,81,Optimal
N3C3W2_H.BPP,2.21352,82,Optimal
N3C3W2_I.BPP,2.12179,79,Optimal
N3C3W2_J.BPP,5.89879,83,Optimal
N3C3W2_K.BPP,1.92636,83,Optimal
N3C3W2_L.BPP,1.90169,82,Optimal
N3C3W2_M.BPP,10.2482,83,Optimal
N3C3W2_N.BPP,2.62632,77,Optimal
N3C3W2_O.BPP,2.00982,82,Optimal
N3C3W2_P.BPP,2.1331,80,Optimal
N3C3W2_Q.BPP,2.47233,76,Optimal
N3C3W2_R.BPP,2.14379,79,Optimal
N3C3W2_S.BPP,3.1982,80,Optimal
N3C3W2_T.BPP,2.34269,79,Optimal
N3C3W4_A.BPP,0.930555,89,Optimal
N3C3W4_B.BPP,1.31061,88,Optimal
N3C3W4_C.BPP,0.762889,88,Optimal
N3C3W4_D.BPP,1.26413,87,Optimal
N3C3W4_E.BPP,1.12146,85,Optimal
N3C3W4_F.BPP,1.50086,84,Optimal
N3C3W4_G.BPP,1.55535,94,Optimal
N3C3W4_H.BPP,9.07646,84,Optimal
N3C3W4_I.BPP,1.17072,92,Optimal
N3C3W4_J.BPP,1.29851,88,Optimal
N3C3W4_K.BPP,1.25041,89,Optimal
N3C3W4_L.BPP,1.03802,90,Optimal
N3C3W4_M.BPP,1.20206,88,Optimal
N3C3W4_N.BPP,1.10262,87,Optimal
N3C3W4_O.BPP,1.30552,87,Optimal
N3C3W4_P.BPP,1.18641,86,Optimal
N3C3W4_Q.BPP,0.846002,87,Optimal
N3C3W4_R.BPP,1.47505,87,Optimal
N3C3W4_S.BPP,1.46971,84,Optimal
N3C3W4_T.BPP,1.37688,85,Optimal
N4C1W1_A.BPP,30.1302,240,Optimal
N4C1W1_B.BPP,18.6501,262,Optimal
N4C1W1_C.BPP,32.7489,241,Optimal
N4C1W1_D.BPP,30.1547,246,Optimal
N4C1W1_E.BPP,23.1832,272,Optimal
N4C1W1_F.BPP,17.4669,265,Optimal
N4C1W1_G.BPP,24.3411,259,Optimal
N4C1W1_H.BPP,19.5546,251,Optimal
N4C1W1_I.BPP,23.6968,262,Optimal
N4C1W1_J.BPP,20.5172,288,Optimal
N4C1W1_K.BPP,23.324,253,Optimal
N4C1W1_L.BPP,22.4922,258,Optimal
N4C1W1_M.BPP,28.5386,246,Optimal
N4C1W1_N.BPP,25.338,256,Optimal
N4C1W1_O.BPP,27.6118,258,Optimal
N4C1W1_P.BPP,25.1158,271,Optimal
N4C1W1_Q.BPP,24.1411,277,Optimal
N4C1W1_R.BPP,22.8429,254,Optimal
N4C1W1_S.BPP,23.7908,261,Optimal
N4C1W1_T.BPP,35.3364,256,Optimal
N4C1W2_A.BPP,6.16523,317,Optimal
N4C1W2_B.BPP,0.805948,328,Optimal
N4C1W2_C.BPP,1.61994,319,Optimal
N4C1W2_D.BPP,1.46677,327,Optimal
N4C1W2_E.BPP,6.2203,310,Optimal
N4C1W2_F.BPP,1.12139,321,Optimal
N4C1W2_G.BPP,5.63537,307,Optimal
N4C1W2_H.BPP,2.47094,315,Optimal
N4C1W2_I.BPP,5.31101,304,Optimal
N4C1W2_J.BPP,1.90454,311,Optimal
N4C1W2_K.BPP,4.46115,311,Optimal
N4C1W2_L.BPP,1.3102,316,Optimal
N4C1W2_M.BPP,2.53836,330,Optimal
N4C1W2_N.BPP,4.01181,311,Optimal
N4C1W2_O.BPP,6.23615,319,Optimal
N4C1W2_P.BPP,5.80045,317,Optimal
N4C1W2_Q.BPP,5.33785,319,Optimal
N4C1W2_R.BPP,2.51314,319,Optimal
N4C1W2_S.BPP,1.66431,312,Optimal
N4C1W2_T.BPP,2.83971,323,Optimal
N4C1W4_A.BPP,1.69852,368,Optimal
N4C1W4_B.BPP,1.31859,349,Optimal
N4C1W4_C.BPP,2.05923,365,Optimal
N4C1W4_D.BPP,0.80422,359,Optimal
N4C1W4_E.BPP,2.85672,373,Optimal
N4C1W4_F.BPP,1.4844,369,Optimal
N4C1W4_G.BPP,1.53999,362,Optimal
N4C1W4_H.BPP,6.59641,359,Optimal
N4C1W4_I.BPP,1.65516,359,Optimal
N4C1W4_J.BPP,0.936813,368,Optimal
N4C1W4_K.BPP,2.87708,371,Optimal
N4C1W4_L.BPP,3.15864,355,Optimal
N4C1W4_M.BPP,1.09848,360,Optimal
N4C1W4_N.BPP,0.92406,363,Optimal
N4C1W4_O.BPP,2.53555,351,Optimal
N4C1W4_P.BPP,1.41992,363,Optimal
N4C1W4_Q.BPP,4.55569,359,Optimal
N4C1W4_R.BPP,1.2169,370,Optimal
N4C1W4_S.BPP,1.43823,359,Optimal
N4C1W4_T.BPP,6.23178,355,Optimal
N4C2W1_A.BPP,54.5222,210,Optimal
N4C2W1_B.BPP,49.6899,213,Optimal
N4C2W1_C.BPP,48.7008,213,Optimal
N4C2W1_D.BPP,80.6837,200,Optimal
N4C2W1_E.BPP,36.0129,215,Optimal
N4C2W1_F.BPP,75.7209,203,Optimal
N4C2W1_G.BPP,52.5647,211,Optimal
N4C2W1_H.BPP,40.8488,215,Optimal
N4C2W1_I.BPP,57.2982,209,Optimal
N4C2W1_J.BPP,71.3711,202,Optimal
N4C2W1_K.BPP,48.9324,210,Optimal
N4C2W1_L.BPP,57.9311,209,Optimal
N4C2W1_M.BPP,35.6562,217,Optimal
N4C2W1_N.BPP,50.6568,210,Optimal
N4C2W1_O.BPP,54.4092,212,Optimal
N4C2W1_P.BPP,49.1416,212,Optimal
N4C2W1_Q.BPP,53.74,210,Optimal
N4C2W1_R.BPP,47.9001,212,Optimal
N4C2W1_S.BPP,50.1201,210,Optimal
N4C2W1_T.BPP,56.0132,212,Optimal
N4C2W2_A.BPP,3.63069,253,Optimal
N4C2W2_B.BPP,3.05653,254,Optimal
N4C2W2_C.BPP,3.66141,249,Optimal
N4C2W2_D.BPP,6.95252,258,Optimal
N4C2W2_E.BPP,3.66838,257,Optimal
N4C2W2_F.BPP,3.64677,272,Optimal
N4C2W2_G.BPP,5.10266,252,Optimal
N4C2W2_H.BPP,3.87924,255,Optimal
N4C2W2_I.BPP,3.115,262,Optimal
N4C2W2_J.BPP,3.33958,256,Optimal
N4C2W2_K.BPP,4.90878,259,Optimal
N4C2W2_L.BPP,4.19,263,Optimal
N4C2W2_M.BPP,5.48101,261,Optimal
N4C2W2_N.BPP,4.75122,264,Optimal
N4C2W2_O.BPP,5.32873,253,Optimal
N4C2W2_P.BPP,2.62774,266,Optimal
N4C2W2_Q.BPP,6.52189,257,Optimal
N4C2W2_R.BPP,4.59874,256,Optimal
N4C2W2_S.BPP,6.76533,273,Optimal
N4C2W2_T.BPP,10.0559,256,Optimal
N4C2W4_A.BPP,9.14443,293,Optimal
N4C2W4_B.BPP,3.1632,281,Optimal
N4C2W4_C.BPP,3.87388,295,Optimal
N4C2W4_D.BPP,2.73771,295,Optimal
N4C2W4_E.BPP,5.21628,287,Optimal
N4C2W4_F.BPP,4.08382,304,Optimal
N4C2W4_G.BPP,2.95812,291,Optimal
N4C2W4_H.BPP,3.22249,296,Optimal
N4C2W4_I.BPP,9.64195,287,Optimal
N4C2W4_J.BPP,1.85931,300,Optimal
N4C2W4_K.BPP,3.76218,289,Optimal
N4C2W4_L.BPP,7.30243,297,Optimal
N4C2W4_M.BPP,5.45257,287,Optimal
N4C2W4_N.BPP,3.13134,299,Optimal
N4C2W4_O.BPP,8.91222,293,Optimal
N4C2W4_P.BPP,4.60378,301,Optimal
N4C2W4_Q.BPP,3.50146,293,Optimal
N4C2W4_R.BPP,2.32145,300,Optimal
N4C2W4_S.BPP,3.73509,293,Optimal
N4C2W4_T.BPP,2.23346,287,Optimal
N4C3W1_A.BPP,104.473,164,Optimal
N4C3W1_B.BPP,109.283,165,Optimal
N4C3W1_C.BPP,107.677,166,Optimal
N4C3W1_D.BPP,131.492,158,Optimal
N4C3W1_E.BPP,125.387,165,Optimal
N4C3W1_F.BPP,119.341,164,Optimal
N4C3W1_G.BPP,111.452,169,Optimal
N4C3W1_H.BPP,111.846,170,Optimal
N4C3W1_I.BPP,100.042,167,Optimal
N4C3W1_J.BPP,111.519,169,Optimal
N4C3W1_K.BPP,118.926,164,Optimal
N4C3W1_L.BPP,130.377,163,Optimal
N4C3W1_M.BPP,106.973,167,Optimal
N4C3W1_N.BPP,111.666,176,Optimal
N4C3W1_O.BPP,112.065,169,Optimal
N4C3W1_P.BPP,117.427,167,Optimal
N4C3W1_Q.BPP,85.1066,176,Optimal
N4C3W1_R.BPP,104.607,167,Optimal
N4C3W1_S.BPP,105.314,168,Optimal
N4C3W1_T.BPP,85.0919,173,Optimal
N4C3W2_A.BPP,20.2494,203,Optimal
N4C3W2_B.BPP,24.3531,203,Optimal
N4C3W2_C.BPP,29.2502,201,Optimal
N4C3W2_D.BPP,27.7867,201,Optimal
N4C3W2_E.BPP,28.6873,200,Optimal
N4C3W2_F.BPP,18.0204,209,Optimal
N4C3W2_G.BPP,43.1465,201,Optimal
N4C3W2_H.BPP,29.8766,201,Optimal
N4C3W2_I.BPP,28.4389,198,Optimal
N4C3W2_J.BPP,27.2742,204,Optimal
N4C3W2_K.BPP,26.9345,204,Optimal
N4C3W2_L.BPP,27.4799,201,Optimal
N4C3W2_M.BPP,30.3467,198,Optimal
N4C3W2_N.BPP,40.926,198,Optimal
N4C3W2_O.BPP,26.3083,209,Optimal
N4C3W2_P.BPP,29.1239,202,Optimal
N4C3W2_Q.BPP,37.8301,199,Optimal
N4C3W2_R.BPP,30.0939,194,Optimal
N4C3W2_S.BPP,29.2142,196,Optimal
N4C3W2_T.BPP,34.9205,195,Optimal
N4C3W4_A.BPP,18.2871,216,Optimal
N4C3W4_B.BPP,18.9406,215,Optimal
N4C3W4_C.BPP,21.9664,218,Optimal
N4C3W4_D.BPP,20.9521,215,Optimal
N4C3W4_E.BPP,16.9334,219,Optimal
N4C3W4_F.BPP,14.4968,222,Optimal
N4C3W4_G.BPP,32.9433,222,Optimal
N4C3W4_H.BPP,19.4553,219,Optimal
N4C3W4_I.BPP,15.8361,224,Optimal
N4C3W4_J.BPP,17.7356,213,Optimal
N4C3W4_K.BPP,30.7276,215,Optimal
N4C3W4_L.BPP,15.4002,219,Optimal
N4C3W4_M.BPP,19.6809,216,Optimal
N4C3W4_N.BPP,9.95343,225,Optimal
N4C3W4_O.BPP,12.2746,226,Optimal
N4C3W4_P.BPP,20.1311,219,Optimal
N4C3W4_Q.BPP,15.3003,222,Optimal
N4C3W4_R.BPP,15.4133,214,Optimal
N4C3W4_S.BPP,10.1437,216,Optimal
N4C3W4_T.BPP,16.5206,216,Optimal
